file	discworld	Discworld	DISCWORLD	dw-	dw_	L-dw	other_dw_ident	total
pim/__init__.py	3	0	0	0	0	0	0	3
pim/editors/__init__.py	1	0	0	0	0	0	0	1
pim/editors/freeze_interpolation.py	3	0	0	0	0	0	0	3
pim/editors/inverse.py	1	0	0	0	0	0	0	1
pim/editors/nanda.py	3	0	0	0	0	0	0	3
pim/editors/nullspace.py	1	0	0	0	0	0	0	1
pim/editors/pinv.py	3	0	0	0	0	0	0	3
pim/environments/__init__.py	2	0	0	0	0	0	0	2
pim/environments/discworld/__init__.py	8	0	0	0	0	0	0	8
pim/environments/discworld/arms.py	9	0	0	3	0	1	0	13
pim/environments/discworld/bayes.py	6	0	0	5	0	0	0	11
pim/environments/discworld/bench.py	11	1	0	6	0	0	0	18
pim/environments/discworld/bigcorpus.py	6	0	0	231	0	0	0	237
pim/environments/discworld/blink.py	1	0	0	1	0	0	0	2
pim/environments/discworld/config.py	0	0	0	3	0	0	0	3
pim/environments/discworld/dataset.py	1	0	0	0	0	0	0	1
pim/environments/discworld/edits_dataset.py	1	0	0	0	0	0	0	1
pim/environments/discworld/grid_target.py	9	0	0	5	0	0	0	14
pim/environments/discworld/loading.py	2	0	0	0	0	0	0	2
pim/environments/discworld/observers.py	1	0	0	0	0	0	0	1
pim/environments/discworld/renderer.py	3	0	0	0	0	0	0	3
pim/environments/discworld/soft_render.py	3	0	0	2	0	0	0	5
pim/environments/discworld/token_bench.py	9	0	0	1	0	0	9	19
pim/environments/discworld/tokens.py	6	0	0	0	0	0	0	6
pim/environments/layout.py	19	2	0	2	0	0	7	30
pim/environments/othello/arms.py	7	1	0	0	0	0	0	8
pim/environments/othello/data.py	1	0	0	0	0	0	0	1
pim/environments/prediction.py	10	0	1	0	0	0	0	11
pim/figures/__init__.py	1	0	0	0	0	0	0	1
pim/figures/tables.py	31	0	0	5	1	0	10	47
pim/figures/theme.py	1	0	0	0	0	0	0	1
pim/figures/waterfall.py	1	0	0	0	0	0	0	1
pim/metrics/__init__.py	5	0	0	0	0	0	0	5
pim/metrics/decodability.py	3	0	0	0	0	0	0	3
pim/metrics/edit_index.py	3	0	0	0	0	0	0	3
pim/metrics/prediction.py	3	0	0	0	0	0	0	3
pim/metrics/selection.py	1	0	0	1	0	0	0	2
pim/metrics/set_editability.py	5	0	0	0	0	0	0	5
pim/metrics/zone_editability.py	8	0	0	1	0	0	0	9
pim/models/recurrent.py	1	0	0	0	0	0	0	1
pim/models/registry.py	1	0	0	0	0	0	0	1
pim/models/transformer_l.py	4	0	0	0	0	0	0	4
pim/models/transformer_s.py	1	0	0	0	0	0	0	1
pim/probes/base.py	1	0	0	1	0	0	0	2
pim/probes/baselines.py	3	1	0	1	0	0	0	5
pim/probes/inverse.py	4	1	0	1	0	0	0	6
pim/probes/linear.py	1	0	0	0	0	0	0	1
pim/probes/mlp.py	1	0	0	0	0	0	0	1
pim/probes/nullspace.py	1	0	0	0	0	0	0	1
pim/scoring/__init__.py	3	0	0	0	0	0	0	3
pim/scoring/baselines.py	14	2	0	4	26	0	8	54
pim/scoring/blocks.py	7	0	0	3	21	0	0	31
pim/scoring/discworld.py	19	0	0	3	19	0	19	60
pim/scoring/driver.py	22	0	0	0	4	0	5	31
pim/scoring/othello.py	2	0	0	0	0	0	0	2
pim/scoring/summary.py	1	1	0	0	0	0	0	2
pim/training/__init__.py	3	0	0	0	0	0	0	3
pim/training/sources.py	5	0	0	0	0	0	0	5
pim/training/stream.py	1	0	0	0	0	0	0	1
pim/training/train.py	3	0	0	0	0	0	0	3
scripts/bayes_floor.py	3	1	0	8	0	0	0	12
scripts/demos/demo.py	4	0	0	0	0	0	0	4
scripts/demos/play.py	2	0	0	0	0	0	0	2
scripts/drivers/dw_128ray.sh	3	0	0	18	6	1	1	29
scripts/drivers/dw_128ray_watch.sh	1	0	0	3	5	1	0	10
scripts/drivers/dw_5ray.sh	4	0	0	16	5	1	0	26
scripts/drivers/dw_8ray.sh	3	0	0	11	3	1	0	18
scripts/drivers/dw_8ray_obs5.sh	5	0	0	9	4	3	0	21
scripts/drivers/dw_blink.sh	4	0	0	12	4	1	0	21
scripts/drivers/dw_smooth_gen.sh	2	0	0	6	4	0	0	12
scripts/drivers/dw_tokens.sh	3	0	0	9	3	4	0	19
scripts/drivers/probe_targets.sh	0	0	0	7	0	4	1	12
scripts/drivers/probe_targets_2.sh	0	0	0	2	0	2	0	4
scripts/drivers/probe_targets_3.sh	0	0	0	2	0	2	0	4
scripts/drivers/probe_targets_4.sh	0	0	0	4	0	3	0	7
scripts/drivers/probe_targets_5.sh	0	0	0	3	0	2	0	5
scripts/drivers/probe_targets_headline.py	0	0	0	3	0	3	0	6
scripts/drivers/replicate.sh	3	1	0	1	0	1	0	6
scripts/drivers/rescore_2026-09-12.sh	6	0	0	12	11	5	0	34
scripts/drivers/score_cartesian.sh	4	0	0	0	0	0	4	8
scripts/drivers/score_im.sh	2	0	0	0	0	0	4	6
scripts/drivers/seed_variance.sh	1	0	0	6	0	5	0	12
scripts/fit_probes.py	6	0	0	5	0	5	4	20
scripts/generate_dataset.py	14	0	0	6	0	0	0	20
scripts/index_ceiling.py	9	0	0	2	0	1	7	19
scripts/layout_checkpoint_replicate.py	0	0	0	2	0	2	0	4
scripts/make_discworld_tokens.py	6	0	0	2	0	0	0	8
scripts/make_edit_selection.py	7	0	0	4	0	0	2	13
scripts/make_othello_edits.py	1	0	0	0	0	0	0	1
scripts/migrate_datasets.py	19	0	0	0	2	0	6	27
scripts/score_prediction.py	0	0	0	2	0	2	0	4
scripts/train.py	21	1	0	9	0	1	0	32
tests/test_baselines.py	1	0	0	0	0	0	0	1
tests/test_bench_target_alignment.py	5	0	0	2	0	0	14	21
tests/test_blink.py	5	0	0	1	0	0	0	6
tests/test_categorical_inverse.py	5	0	0	7	1	0	3	16
tests/test_discworld_tokens.py	1	0	0	2	0	0	0	3
tests/test_drop_edge_rays.py	3	0	0	0	0	0	0	3
tests/test_editors_canonical.py	4	1	0	0	0	0	0	5
tests/test_fidelity_guard.py	2	0	0	0	0	0	0	2
tests/test_grid_target.py	5	0	0	3	0	0	2	10
tests/test_interactive.py	4	0	0	0	0	0	0	4
tests/test_layout.py	41	0	0	41	0	0	0	82
tests/test_multiview_target.py	4	0	0	1	0	0	0	5
tests/test_observers.py	6	0	0	0	0	0	0	6
tests/test_oracle_editors.py	3	0	0	3	0	1	6	13
tests/test_prediction_floor.py	10	0	0	6	0	0	0	16
tests/test_probe_targets.py	22	0	0	19	0	0	21	62
tests/test_render2d.py	5	0	0	0	0	0	0	5
tests/test_renderer.py	3	0	0	0	0	0	0	3
tests/test_scoring_package.py	14	0	0	22	12	18	0	66
tests/test_sim.py	2	0	0	0	0	0	0	2
tests/test_soft_render.py	4	0	0	2	0	0	0	6
tests/test_tables_module.py	2	0	0	1	0	1	4	8
tests/test_tables_replicates.py	6	0	0	7	0	0	0	13
tests/test_token_bench.py	6	0	0	5	0	0	6	17
notebooks/master_eval.ipynb [source]	18	2	1	18	17	10	3	69
notebooks/master_eval.ipynb [outputs]	64	0	0	167	0	90	0	321
notebooks/build_paper_tables_and_figs.ipynb [source]	4	0	0	7	0	6	0	17
notebooks/build_appendix_tables_and_figs.ipynb [source]	4	0	0	15	0	14	0	33
notebooks/build_appendix_tables_and_figs.ipynb [outputs]	0	0	0	20	0	14	0	34
paper/figs/qualitative_edits/README.md	2	0	0	5	0	0	0	7
paper/figs/qualitative_edits/make_figure.py	10	0	0	12	0	5	18	45
paper/figs/qualitative_edits/more_seeds/seed10/qualitative_edits_seed10.json	0	0	0	2	0	0	0	2
paper/figs/qualitative_edits/more_seeds/seed12/qualitative_edits_seed12.json	0	0	0	2	0	0	0	2
paper/figs/qualitative_edits/more_seeds/seed5/qualitative_edits_seed5.json	0	0	0	2	0	0	0	2
paper/figs/qualitative_edits/more_seeds/seed7/qualitative_edits_seed7.json	0	0	0	2	0	0	0	2
paper/figs/qualitative_edits/more_seeds/seed9/qualitative_edits_seed9.json	0	0	0	2	0	0	0	2
paper/figs/qualitative_edits/qualitative_edits_seed0.json	0	0	0	2	0	0	0	2
paper/figs/qualitative_edits_othello/README.md	1	0	0	0	0	0	0	1
paper/figs/qualitative_main/README.md	1	0	0	29	0	6	1	37
paper/figs/qualitative_main/common.py	0	0	0	3	0	1	2	6
paper/figs/qualitative_main/composite_final.json	0	0	0	22	0	4	0	26
paper/figs/qualitative_main/composite_final.py	0	0	0	3	0	0	0	3
paper/figs/qualitative_main/composite_final_sidebyside.json	0	0	0	22	0	4	0	26
paper/figs/qualitative_main/composite_final_sidebyside_single.json	0	0	0	17	0	3	0	20
paper/figs/qualitative_main/rayworld_panel.py	0	0	0	6	0	0	1	7
TOTAL	690	15	2	923	148	228	168	2174
